{
    "elements": [
        {
            "path": "ear",
            "size": 20,
            "suffix": "png",
            "w": 840,
            "h": 472,
            "anchor": [0.0, 1.3],
            "scale": [0.6, 0.6],
            "rotate": [0, 0, 0],
            "point": 2,
            "duration": 120,
            "beat": 0
        },
        {
            "path": "face",
            "size": 18,
            "suffix": "png",
            "w": 576,
            "h": 222,
            "anchor": [0.0, -0.35],
            "scale": [0.6, 0.6],
            "rotate": [0, 0, 0],
            "point": 7,
            "duration": 120,
            "beat": 0
        },
        {
            "path": "hand",
            "size": 39,
            "suffix": "png",
            "w": 622,
            "h": 560,
            "anchor": [0.0, -1.0],
            "scale": [0.6, 0.6],
            "rotate": [0, 0, 0],
            "point": 10,
            "duration": 80,
            "triggerloop": 0,
            "trigger": 0,
            "beat": 0
        },
        {
            "path": "tooth",
            "size": 5,
            "suffix": "png",
            "w": 131,
            "h": 109,
            "anchor": [0.0, 0.0],
            "scale": [1.0, 1.0],
            "rotate": [0, 0, 0],
            "point": 19,
            "duration": 240,
            "triggerloop": 0,
            "trigger": 0,
            "beat": 0
        }
    ]
}