{
    "parts": {
        "bg": {
            "enable": true,
            "frameCount": 11,
            "height": 1334,
            "position": {
                "positionX": [
                    {
                        "index": 106,
                        "x": 0,
                        "y": 0
                    },
                    {
                        "index": 107,
                        "x": 741.771,
                        "y": 0
                    }
                ],
                "positionY": [
                ]
            },
            "positionRelationType": 0,
            "positionType": 65536,
            "rotateCenter": [
                {
                    "x": 375,
                    "y": 667
                }
            ],
            "scale": {
                "scaleX": {
                    "pointA": [
                        {
                            "index": 106,
                            "x": 0,
                            "y": 0
                        }
                    ],
                    "pointB": [
                        {
                            "index": 107,
                            "x": 741.771,
                            "y": 0
                        }
                    ]
                },
                "scaleY": {
                    "pointA": [
                    ],
                    "pointB": [
                    ]
                }
            },
            "triggerDelay": 0,
            "triggerLoop": 0,
            "triggerStop": false,
            "triggerType": 65536,
            "width": 750,
            "zPosition": 0
        },
        "face": {
            "enable": true,
            "frameCount": 1,
            "height": 376,
            "position": {
                "positionX": [
                    {
                        "index": 45,
                        "x": 368.461,
                        "y": 157.727
                    }
                ],
                "positionY": [
                ]
            },
            "positionRelationType": 1,
            "positionType": 1,
            "rotateCenter": [
                {
                    "index": 46,
                    "x": 368.560,
                    "y": 194.286
                }
            ],
            "scale": {
                "scaleX": {
                    "pointA": [
                        {
                            "index": 74,
                            "x": 265.026,
                            "y": 91.347
                        }
                    ],
                    "pointB": [
                        {
                            "index": 77,
                            "x": 469.616,
                            "y": 90.951
                        }
                    ]
                },
                "scaleY": {
                    "pointA": [
                    ],
                    "pointB": [
                    ]
                }
            },
            "triggerDelay": 0,
            "triggerLoop": 0,
            "triggerStop": false,
            "triggerType": 0,
            "width": 750,
            "zPosition": 2
        },
        "paopao": {
            "enable": true,
            "frameCount": 38,
            "height": 866,
            "position": {
                "positionX": [
                    {
                        "index": 114,
                        "x": 325.988,
                        "y": 749.080
                    }
                ],
                "positionY": [
                ]
            },
            "positionRelationType": 1,
            "positionType": 16384,
            "rotateCenter": [
                {
                    "x": 350,
                    "y": 433
                }
            ],
            "scale": {
                "scaleX": {
                    "pointA": [
                        {
                            "index": 110,
                            "x": 157.544,
                            "y": 649.004
                        }
                    ],
                    "pointB": [
                        {
                            "index": 111,
                            "x": 494.432,
                            "y": 649.004
                        }
                    ]
                },
                "scaleY": {
                    "pointA": [
                    ],
                    "pointB": [
                    ]
                }
            },
            "triggerDelay": 0,
            "triggerLoop": 0,
            "triggerStop": false,
            "triggerType": 16384,
            "width": 700,
            "zPosition": 1
        }
    },
    "version": "1.1"
}
