{
	"v":	"4.6.9",
	"fr":	24,
	"sf":	0,
	"ef":	2000000000,
	"w":	1,
	"h":	1,
	"color":	[0, 0, 0, 0],
	"assets":	[{
			"id":	"pre_00",
			"w":	1,
			"h":	1,
			"p":	"images/pre_00.tex",
			"s":	0,
			"sm":	0,
			"ext":	"",
			"prefix":	"",
			"absolute":	0,
			"allseq":	0,
			"rndpic":	0,
			"timescale":	1,
			"fixsize":	0,
			"micdb":	0,
			"artype":	0
		}],
	"effects":	[],
	"layers":	[{
			"id":	1,
			"sf":	0,
			"ef":	2000000000,
			"offset":	0,
			"aid":	"pre_00",
			"mt":	0,
			"vl":	0,
			"bm":	0,
			"effects":	[{
					"id":	"402619DB-475C-464C-B14B-329FCA45A9A3",
					"sf":	-1,
					"ef":	-1,
					"export":	1,
					"props":	[{
						"ty":	5,
						"v":	"model/"
					}]
				},{
					"id":	"125459F4-CC21-428E-80A3-6D8193F2408D",
					"sf":	-1,
					"ef":	-1,
					"export":	0,
					"props":	[{
							"ty":	8,
							"v":	[0, 0]
						}, {
							"ty":	8,
							"v":	[0, 0]
						}, {
							"ty":	8,
							"v":	[100, 100]
						}, {
							"ty":	3,
							"v":	0
						}, {
							"ty":	2,
							"v":	100
						}]
				}]
		}]
}