{
	"textures": [{
			"texid":	"img_06",
			"path":   "light.png",
			"w":	1024,
			"h":	1024,
			"sizex":	10,
			"sizey":	10,
			"num": 100,
			"duration":	200,
			"seqmode":	0
		}],
	"elements": [{
			"texid":	"img_06",
			"maxcout":	10000,
			"generate":	0.005,
			"lifetime": 3000,
			"mincolor":	[1.0, 1.0, 1.0, 0.1],
			"maxcolor":	[1.0, 1.0, 1.0, 0.1],
			"incolor": [1.0, 1.0, 1.0, 0.0],
			"inpercent": 0.2,
			"outcolor": [1.0, 1.0, 1.0, 0.0],
			"outpercent": 0.2,
			"minstartsize": 40,
			"maxstartsize": 60,
			"minendsize": 20,
			"maxendsize": 30,
			"minpos":	[-20, -20, -100],
			"maxpos":	[20, 20, -85],
			"minspeed": [-0.005, -0.005, 0.0],
			"maxspeed":	[0.005, 0.005, 0.0],
			"minacc": [0, 0, 0],
			"maxacc": [0, 0, 0],
			"minrotate": 0,
			"maxrotate": 0,
			"bm": 16,
			"billboard": 0
		}]
}