{
    "makeups": [{
            "blend": 1,
            "img": "khb.png",
            "alpha": 1.0,
            "type": 0,
            "status": 1
        },{
            "blend": 1,
            "img": "khz.png",
            "alpha": 1.0,
            "type": 0,
            "status": 2
        },{
            "blend": 1,
            "img": "yanying.png",
            "alpha": 1.0,
            "type": 2,
            "status": 0
        },{
            "blend": 1,
            "img": "xm.png",
            "alpha": 1.0,
            "type": 1,
            "status": 0
        }]
}