{
	"v":	"4.6.9",
	"fr":	24,
	"sf":	0,
	"ef":	2000000000,
	"w":	540,
	"h":	540,
	"color":	[0, 0, 0, 0],
	"assets":	[{
			"id":	"pre_00",
			"w":	540,
			"h":	540,
			"p":	"images/pre_00.tex",
			"s":	0,
			"sm":	0,
			"ext":	"",
			"prefix":	"",
			"absolute":	0,
			"allseq":	0,
			"rndpic":	0,
			"timescale":	1,
			"fixsize":	1,
			"micdb":	0,
			"artype":	0
		},{
			"id":	"seq_00",
			"w":	500,
			"h":	292,
			"p":	"images/seq_00/",
			"s":	154,
			"sm":	0,
			"ext":	"png",
			"prefix":	"",
			"absolute":	0,
			"allseq":	0,
			"rndpic":	0,
			"timescale":	1,
			"fixsize":	1,
			"micdb":	0,
			"fft":	0
		}],
	"effects":	[],
	"layers":	[{
			"id":	2,
			"sf":	0,
			"ef":	2000000000,
			"offset":	0,
			"aid":	"seq_00",
			"mt":	0,
			"vl":	0,
			"bm":	0,
			"effects":	[{
				"id":	"15B127EC-01CF-41C8-ACE7-8986ABFD14A4",
				"sf":	-1,
				"ef":	-1,
				"props":	[{
						"ty":	18,
						"v":	[100, 100]
					}, {
						"ty":	1,
						"v":	1
					}]
			}]
		},{
			"id":	2,
			"sf":	0,
			"ef":	2000000000,
			"offset":	0,
			"aid":	"pre_00",
			"mt":	0,
			"vl":	0,
			"bm":	0,
			"effects":	[{
				"id":	"125459F4-CC21-428E-80A3-6D8193F2408D",
				"sf":	-1,
				"ef":	-1,
				"props":	[{
						"ty":	8,
						"v":	[0, 0]
					}, {
						"ty":	8,
						"v":	[0, 0]
					}, {
						"ty":	8,
						"v":	[100, 100]
					}, {
						"ty":	3,
						"v":	0
					}, {
						"ty":	2,
						"v":	100
					}]
			}]
		}]
}