{
	"textures": [{
			"texid":	"img_00",
			"path":   "snow.png",
			"w":	360,
			"h":	360,
			"sizex":	3,
			"sizey":	3,
			"num": 9,
			"duration":	40,
			"seqmode":	4
		}],
	"elements": [{
			"texid":	"img_00",
			"maxcout":	10000,
			"generate":	0.8,
			"lifetime": 2000,
			"mincolor":	[1.0, 1.0, 1.0, 1.0],
			"maxcolor":	[1.0, 1.0, 1.0, 1.0],
			"incolor": [0.2, 0.0, 0.2, 0.0],
			"inpercent": 0.0,
			"outcolor": [0.2, 0.0, 0.2, 0.0],
			"outpercent": 0.0,
			"minstartsize": 1,
			"maxstartsize": 3,
			"minendsize": 1,
			"maxendsize": 3,
			"minpos":	[-50, 0, -50],
			"maxpos":	[50, 30, 50],
			"minspeed": [-0.0015, -0.0025, -0.0015],
			"maxspeed":	[0.0015, -0.005, 0.0015],
			"minacc": [0, 0, 0],
			"maxacc": [0, 0, 0],
			"minrotate": 0,
			"maxrotate": 0.1,
			"bm": 0
		}]
}